{"h2o/mean_real_rewards":3.121481418609619,"h2o/average_sim_qf2":34.499183654785156,"h2o/average_sim_explore_td_target":34.87188720703125,"h2o/average_real_qf2":117.76527404785156,"h2o/average_blended_real_td_target":116.52232360839844,"eval_dsas_loss":0.012691919691860676,"h2o/alpha_loss":1.2122676372528076,"h2o/mean_sim_rewards":-0.07948088645935059,"h2o/sim_qf2_loss":3.234981060028076,"train_time":22.436828136444092,"h2o/average_blended_sim_td_target":32.93555450439453,"h2o/df_vf_pred":113.09053039550781,"h2o/total_steps":8000,"h2o/vf_loss":2.318798780441284,"eval_dsa_loss":0.07255876064300537,"h2o/average_real_qf1":117.86203002929688,"h2o/average_real_explore_target_q":116.13102722167969,"h2o/average_real_exploit_td_target":114.95346069335938,"_wandb":{"runtime":328},"h2o/sim_qf1_loss":2.8243448734283447,"epoch":7,"h2o/average_real_exploit_target_q":114.95346069335938,"h2o/df_qf_target_pred":113.60311126708984,"h2o/exploit_coeff":0.5,"h2o/alpha":0.1676957756280899,"_runtime":327.40958635,"h2o/policy_loss":-78.62169647216797,"epoch_time":23.716488122940063,"average_traj_length":1000,"h2o/average_sim_exploit_target_q":30.999217987060547,"h2o/real_qf2_loss":25.815345764160156,"eval_time":7.867813110351562e-06,"h2o/log_pi":6.678912162780762,"h2o/average_real_explore_td_target":118.09120178222656,"h2o/average_sim_qf1":34.275474548339844,"h2o/average_sim_explore_target_q":35.304412841796875,"h2o/max_sim_rewards":1.4653438329696655,"rollout_time":1.2796521186828613,"h2o/sqrt_IS_ratio":0.34354448318481445,"_timestamp":1.7641210603909214e+09,"average_return":-12.9013090133667,"h2o/df_vf_error":0.5125831365585327,"h2o/real_qf1_loss":24.236413955688477,"h2o/average_sim_exploit_td_target":30.999217987060547,"h2o/dsas_train_loss":0.07842062413692474,"_step":7,"h2o/dsa_train_loss":0.18408668041229248}